cell_id,batch,charge_policy,cycle_life,cap_c2,cap_c100,cap_diff_100_2,cap_min_2_100,cap_max_2_100,cap_slope_2_100,cap_intercept_2_100,temp_mean_2_100,temp_max_2_100,temp_slope_2_100,temp_intercept_2_100,ir_c2,ir_c100,ir_diff_100_2,ir_min_2_100,ir_max_2_100,ir_slope_2_100,ir_intercept_2_100,dq_var,dq_min,dq_mean,dq_skew,dq_kurt,dq_var_100_2,cc1,q1_pct,cc2,policy_parsed,log_var_dq,log_min_dq,partition,avg_charge_time
b1c0,b1,3.6C(80%)-3.6C,1190.0,1.0706892,1.0759126,0.0052234000000002,1.0706892,1.5390544,-0.000206807012987,1.091143732409812,35.376748303030304,35.994705,-0.0004083136920223,35.397572301323414,0.016742354,0.016667154,-7.520000000000096e-05,0.016443744,0.018950272,-6.107912059370047e-07,0.0166744723919068,9.663600264771342e-06,-0.0084596429342688,-0.0028734152246919,-0.5320584720505735,-1.3483118916844854,9.454994876097894e-06,3.6,80.0,3.6,True,-5.014861042960787,-2.0726479673332383,primary,16.66666666666667
b1c1,b1,3.6C(80%)-3.6C,1179.0,1.0753012,1.0806297,0.0053285,1.0753012,1.0845895,5.535292517010829e-06,1.0809645798796117,34.16065478787879,34.712265,-0.0019858072727273,34.26193095878787,0.017038831,0.01699684,-4.199100000000164e-05,0.0,0.017038831,9.008488014842224e-06,0.0162914105253844,9.683678956852016e-06,-0.0110038165966219,-0.0040996146213451,-0.4293749031928047,-1.0291160019202557,6.417900127738202e-06,3.6,80.0,3.6,True,-5.013959617162855,-1.958456656717364,train,16.66666666666667
b1c2,b1,3.6C(80%)-3.6C,1177.0,1.0799223,1.0849404,0.0050181,1.0799223,1.0880535,1.0295625231905227e-05,1.0848461200828694,34.54464383838384,35.127342,-0.0014805758441559,34.62015320643578,0.01686798,0.016854173,-1.3807000000001096e-05,0.0,0.016878299,9.22966745825593e-06,0.0161288819394269,1.8323155109711005e-05,-0.0172163918496444,-0.0044867342828869,-1.080194279007627,0.3486368188757716,1.1959646999370666e-05,3.6,80.0,3.6,True,-4.7369997419805365,-1.7640578612436286,primary,16.66666666666667
b1c3,b1,4C(80%)-4C,1226.0,1.0797229,1.0847498,0.0050269,1.0797229,1.086253,1.7136347557200054e-05,1.0840750159715522,30.662263141414144,31.691414,-0.0007081010142239,30.69837629313956,0.016369704,0.016408285,3.858100000000281e-05,0.0,0.016408285,8.689379270253383e-06,0.0157029976976211,3.608997994486938e-05,-0.0189605397732695,-0.0074557847000184,-0.439050462940468,-1.0954158488747705,2.5354101606684568e-05,4.0,80.0,4.0,True,-4.442613359277012,-1.722149303220757,train,15.0
b1c4,b1,4C(80%)-4C,1227.0,1.0784167,1.0826457,0.004229,1.0780181,1.0843166,1.8994317872597183e-05,1.0818748211016285,34.38251588888889,35.651741,0.0018715159059987,34.28706857768294,0.016787428,0.016734114,-5.331399999999875e-05,0.0,0.016787428,8.312203970315338e-06,0.0160765911732714,2.250382488567616e-05,-0.0139579950936773,-0.0057500081219601,-0.36254812672859,-1.3338305761630276,1.370159130458553e-05,4.0,80.0,4.0,True,-4.647743660307859,-1.85517695866731,primary,15.0
b1c5,b1,4.4C(80%)-4.4C,1074.0,1.0761266,1.0797794,0.0036528,1.075169,1.0820704,1.1228400742114245e-05,1.0797547949964952,33.02000678787879,34.654667,0.0040017184415583,32.81591914735929,0.016437579,0.016325712,-0.000111867,0.015922785,0.016835118,-1.8453287569581242e-07,0.016279799752418,6.624026126041227e-05,-0.0251787789493372,-0.0110739129797385,-0.1493501482196471,-1.227526520149324,4.079275578064748e-05,4.4,80.0,4.4,True,-4.178877963304522,-1.598965334928044,train,13.636363636363637
b1c6,b1,4.8C(80%)-4.8C,636.0,1.0758358,1.0792426,0.0034068,1.0758358,1.082139,-4.80864687693515e-06,1.0811570258392078,35.79263145454546,36.496124,0.0044057524551638,35.56793807933209,0.017001977,0.016668631,-0.000333346,0.0,0.017001977,6.771518169449441e-06,0.0161619211188126,0.0001702637129223,-0.0378860393134797,-0.0159650562482748,-0.4079358496201863,-1.2380700944581655,0.0001117110219369,4.8,80.0,4.8,True,-3.768877900227774,-1.4215207944138126,primary,12.5
b1c7,b1,4.8C(80%)-4.8C,870.0,1.0938644,1.0957625,0.0018981,1.0938644,1.0979686,-6.428188002477728e-06,1.097254269911358,35.32269474747474,36.053928,0.0042557847990105,35.10564972272519,0.016311171,0.01627275,-3.842100000000029e-05,0.0,0.016311171,8.397481842918973e-06,0.0156218698805565,0.0001536434047758,-0.0382333865070744,-0.0166457272456197,-0.3334166199580946,-1.120535904128327,0.0001121502634207,4.8,80.0,4.8,True,-3.8134860773272337,-1.4175572328154409,train,12.5
b1c9,b1,5.4C(40%)-3.6C,1054.0,1.0829742,1.0876312,0.0046569999999999,1.0829742,1.0889499,1.820438589980905e-05,1.0867714248039575,35.98493365656566,36.799232,0.005172388670377,35.72114183437642,0.016978227,0.016944561,-3.366599999999817e-05,0.016611163,0.016978227,9.21257365491702e-07,0.0167883811066831,8.72200481780871e-05,-0.0287244756962299,-0.0115106005684801,-0.4275910282835675,-1.1821708568020548,5.0251712171273015e-05,5.4,40.0,3.6,True,-4.059383677769545,-1.5417478896827508,primary,14.444444444444445
b1c11,b1,5.4C(50%)-3C,788.0,1.0537786,1.0599719,0.0061933,1.0537786,1.063239,2.180940259740232e-05,1.058971606326118,36.23175358585859,37.128967,0.0031186815584415,36.072700826378046,0.016575078,0.0162715,-0.0003035779999999,0.0,0.016587827,7.550505739022831e-06,0.0156520083184209,7.130228856858242e-05,-0.0236915130336226,-0.0083782051025299,-0.5948478865400659,-1.205555466507367,4.7224524199533045e-05,5.4,50.0,3.0,True,-4.146896530502188,-1.6254072026301174,train,15.555555555555555
b1c14,b1,5.4C(60%)-3C,880.0,1.0709661,1.0762016,0.0052355000000001,1.0708272,1.0778438,2.623412492269565e-05,1.0747649768006593,36.63094507070707,37.818813,0.0052481932591218,36.36328721449184,0.017121186,0.017053071,-6.811500000000054e-05,0.016649306,0.018374495,-7.309511440907784e-09,0.0169753746234673,8.993529426869348e-05,-0.0282939556930506,-0.0119462182234678,-0.2824526373371234,-1.3132871189250308,6.093758726292103e-05,5.4,60.0,3.0,True,-4.046069839990279,-1.548306330889822,primary,14.666666666666666
b1c15,b1,5.4C(60%)-3C,719.0,1.0611236,1.0677497,0.0066261,1.0611236,1.0693387,2.9049360544208905e-05,1.0661753684708306,37.05618863636364,38.47617,0.0080909479158937,36.643550292653046,0.017168047,0.016914751,-0.000253296,0.016542939,0.018155931,5.750906988249433e-07,0.0168106568087033,9.595130743781206e-05,-0.028944554696785,-0.0110130893131804,-0.4819985506782299,-1.250455985410066,6.083410174735729e-05,5.4,60.0,3.0,True,-4.017949103167607,-1.5384331275349628,train,14.666666666666666
b1c16,b1,5.4C(60%)-3.6C,862.0,1.0811664,1.0863206,0.0051541999999999,1.0811664,1.0885919,2.316027458255733e-05,1.0852883825619457,35.85141423232323,37.566532,0.0085779106864562,35.41394078731395,0.01683085,0.016816031,-1.481900000000272e-05,0.0,0.01683085,8.855105652442794e-06,0.0160772518945536,7.954013514589506e-05,-0.0276066748423711,-0.0124038061637924,-0.1229498297222723,-1.228098401990385,5.884419744689523e-05,5.4,60.0,3.6,True,-4.099413675443745,-1.558985899937167,primary,13.333333333333334
b1c17,b1,5.4C(60%)-3.6C,857.0,1.072052,1.0769763,0.0049243000000001,1.072052,1.0792258,1.788623129251605e-05,1.0761940385677176,35.43276257575758,37.208405,0.0078243970686455,35.03371832525663,0.016778639,0.016800802,2.2162999999998656e-05,0.016238289,0.016800802,1.5290453184909494e-06,0.0165982462241104,0.0001071125969275,-0.0310679671089385,-0.0133431157573995,-0.2559879461756131,-1.2907022981003802,7.845031648396888e-05,5.4,60.0,3.6,True,-3.970159451162584,-1.5076871632965063,train,13.333333333333334
b1c18,b1,5.4C(70%)-3C,691.0,1.0661705,1.0645274,-0.0016430999999998,1.0638232,2.8840845,-0.0002945415905998,1.1014650039488765,35.415118353535355,36.084282,0.00616054716141,35.10093044830343,0.019886132,0.015891589,-0.003994543,0.015845969,0.019886132,-5.99189080766854e-05,0.0210606187260523,0.0002238305979209,-0.0441332154082728,-0.0207023868033387,-0.0520788913250261,-1.346528286080605,0.000198744588602,5.4,70.0,3.0,True,-3.6500805451540255,-1.3552344300601993,primary,13.777777777777777
b1c19,b1,5.4C(70%)-3C,788.0,1.0851147,1.0870851,0.0019703999999998,1.0851147,1.0893054,-1.035584539270876e-05,1.0888966198321994,36.83902758585858,37.49086,0.008253605380334,36.41809371146153,0.016449727,0.01638364,-6.60869999999994e-05,0.016205151,0.016449727,8.964648608533938e-07,0.0162791493729045,0.0002399347614457,-0.0458926934265084,-0.0201062748217697,-0.2734236630130664,-1.2754147788119157,0.0002091941920518,5.4,70.0,3.0,True,-3.619906827436913,-1.338256452962488,train,13.777777777777777
b1c20,b1,5.4C(80%)-5.4C,534.0,1.07263,1.0612478,-0.0113821999999998,1.0612478,1.0757242,-0.0001397761818181,1.0769696711313128,34.92834715151515,35.504932,0.0005895058750772,34.8982823518862,0.015740737,0.015160209,-0.000580528,0.0,0.015740737,3.8186788497216486e-06,0.0148619734089672,0.0004293016817129,-0.0635804268966032,-0.0327959830071476,0.2416727657258095,-1.0727210228955253,0.0003903123648296,5.4,80.0,5.4,True,-3.367237410245924,-1.1966765604379697,primary,11.11111111111111
b1c21,b1,5.4C(80%)-5.4C,559.0,1.0824388,1.0767291,-0.0057096999999999,1.0767291,1.0859262,-8.178444155844783e-05,1.0863975044992786,36.94892544444444,37.615559,-0.0079423968336427,37.35398768296021,0.015348774,0.015144967,-0.000203807,0.0,0.015348774,7.496890327767469e-06,0.0145554681993444,0.0004463360322465,-0.0647202627657549,-0.0306575771127106,-0.0901666522332051,-1.1430823300485558,0.0004088104765823,5.4,80.0,5.4,True,-3.3503380515996213,-1.1889597281466229,train,11.11111111111111
b1c23,b1,6C(30%)-3.6C,1014.0,1.0792934,1.0816909,0.0023974999999998,1.0792934,1.0837864,-6.9509103277676335e-06,1.082815554002473,34.8727843939394,36.165897,0.0059901008163264,34.567289252306736,0.016937815,0.016928671,-9.143999999999123e-06,0.016472535,0.016937815,1.3894804576375195e-06,0.016753139082519,9.103457241110652e-05,-0.0299535169317572,-0.0133406205123602,-0.1431744036563784,-1.230605855119714,7.222982203618233e-05,6.0,30.0,3.6,True,-4.0407936433278895,-1.5235521784705124,primary,14.666666666666666
b1c24,b1,6C(40%)-3C,1017.0,1.0745355,1.0776314,0.0030958999999999,1.0745355,1.079075,2.024258503400797e-06,1.077929949685013,36.86649654545455,37.596226,0.0065923321088436,36.5302876079035,0.016687831,0.016682969,-4.86200000000131e-06,0.016390581,0.016691737,1.559594718614697e-06,0.0165079095582395,0.0001151694986635,-0.0318421340978982,-0.0138735070132826,-0.3388631077441726,-1.2741881895082756,8.105316145470438e-05,6.0,40.0,3.0,True,-3.9386625236565456,-1.496997833023508,train,16.0
b1c25,b1,6C(40%)-3C,854.0,1.0752345,1.0780438,0.0028093,1.0752345,1.0799131,5.129313543567791e-07,1.078821728379715,37.99023987878788,38.670872,0.0075341155596783,37.605999985244274,0.016699277,0.016688013,-1.1263999999996945e-05,0.016397864,0.016699277,1.3856464687692767e-06,0.0165254738280725,9.378020536805894e-05,-0.0294411728905654,-0.0124061930528873,-0.3579347755539894,-1.2413942729375074,6.889209039251512e-05,6.0,40.0,3.0,True,-4.027888820540259,-1.5310448923727913,primary,16.0
b1c26,b1,6C(40%)-3.6C,870.0,1.0876514,1.0893713,0.0017199000000001,1.0870471,1.0915462,-1.5210461348173988e-05,1.0913500214075444,36.41381293939394,37.077717,0.0088382001113171,35.96306473371675,0.016376387,0.016389275,1.2887999999999096e-05,0.016129743,0.016389275,1.6321409894866765e-06,0.01620225264792,0.0001602433454256,-0.0383544536324539,-0.0178501571256248,-0.1170681641170412,-1.2766699504628691,0.0001246358085966,6.0,40.0,3.6,True,-3.795219996785427,-1.4161841994934086,train,14.0
b1c27,b1,6C(40%)-3.6C,842.0,1.0790461,1.0810226,0.0019765,1.0790461,1.0829995,-1.0758799010511252e-05,1.082584738143475,37.51131004040404,38.178074,0.008820061867656,37.06148688515356,0.016174601,0.016206481,3.187999999999802e-05,0.015953196,0.016209068,1.850728868274494e-06,0.0160045194943846,0.0001400544137433,-0.0358321196463462,-0.0155141871466561,-0.2895185222964574,-1.2368251713034262,0.0001041605942246,6.0,40.0,3.6,True,-3.853703200056015,-1.4457275004165395,primary,14.0
b1c28,b1,6C(50%)-3C,860.0,1.0777475,1.0796947,0.0019471999999998,1.0777475,1.0815945,-7.726680272106807e-06,1.0810896899868068,37.491157878787874,38.303513,0.0101642796784168,36.97277961518861,0.016742077,0.016805848,6.377100000000066e-05,0.016467512,0.016806481,2.073844860853431e-06,0.016574271457551,0.0001429842469732,-0.0372134803197419,-0.0166981227551627,-0.1426330103125234,-1.2384823669741585,0.0001152557521672,6.0,50.0,3.0,True,-3.844711807496273,-1.4292997115162878,train,15.0
b1c29,b1,6C(50%)-3C,917.0,1.0794537,1.0818107,0.0023569999999999,1.0794537,1.0838029,-5.212719851580695e-06,1.0830486699245514,35.39940990909091,36.258759,0.0068216203957945,35.05150726890537,0.016626336,0.016644154,1.7818000000002776e-05,0.016308507,0.016658336,1.8976728633271387e-06,0.0164487423102329,0.0001451170011316,-0.0368684498819182,-0.0166005234269311,-0.1376299629543945,-1.2785185818791822,0.0001141247962092,6.0,50.0,3.0,True,-3.838281704963246,-1.4333451217343065,primary,15.0
b1c30,b1,6C(50%)-3.6C,709.0,1.0798637,1.0814074,0.0015437,1.0798637,1.0838182,-1.636821892393466e-05,1.0836584963368376,36.797617333333335,37.483994,0.0088344244032158,36.34706168876931,0.016072329,0.016130757,5.842799999999926e-05,0.015838005,0.016130757,1.8543058256029888e-06,0.0159148566554194,0.0001800117202166,-0.0408153850243965,-0.0177191221668012,-0.2851914235819742,-1.2269916421555165,0.0001501602218993,6.0,50.0,3.6,True,-3.744699217898407,-1.3891761023084517,train,13.333333333333334
b1c31,b1,6C(50%)-3.6C,876.0,1.0946392,1.0953494,0.0007101999999998,1.0946392,1.0983334,-2.620108225108124e-05,1.09840466024531,30.709141161616163,31.658901,0.0013291988991958,30.64135201775715,0.016952254,0.016962912,1.0658000000000197e-05,0.016684072,0.016962912,1.3785441311069971e-06,0.0167952603907276,0.0001668273978984,-0.0394782064842472,-0.0179835888032468,-0.1107329282071041,-1.2421226847427715,0.0001349973214761,6.0,50.0,3.6,True,-3.777732624088107,-1.4036425857817223,primary,13.333333333333334
b1c32,b1,6C(60%)-3C,731.0,1.0778366,1.0793804,0.0015438,1.0778366,1.0816567,-1.277627210883784e-05,1.0813230393724995,36.23561784848484,37.14436,0.0057970094990721,35.93997036403215,0.016239462,0.016290806,5.134400000000178e-05,0.015933495,0.016290806,1.898905009276348e-06,0.0160702200970521,0.000225702569302,-0.0455662852625746,-0.0207302738370073,-0.1556560311872666,-1.2794467204381477,0.0001920918677849,6.0,60.0,3.0,True,-3.646463497070533,-1.3413563753175854,train,14.0
b1c33,b1,6C(60%)-3C,757.0,1.0924908,1.0937657,0.0012749,1.0924908,1.0968262,-2.181216573902528e-05,1.096604066917336,37.73130442424242,38.728722,0.0114452832900433,37.14759497645019,0.016591828,0.016574621,-1.720699999999825e-05,0.016214989,0.016591828,1.1521778231291125e-06,0.016425014587586,0.0002152496244542,-0.0449017812116827,-0.021651569301358,0.0648321072722398,-1.2327428086034982,0.0001888731441544,6.0,60.0,3.0,True,-3.6670575975867856,-1.3477364305988753,primary,14.0
b1c34,b1,7C(30%)-3.6C,742.0,1.0766174,1.0794187,0.0028013,1.0766174,1.0814824,-3.129647495377911e-07,1.0800859500911149,36.08252629292929,37.240925,0.0092854305380332,35.60896933548958,0.0169825,0.016954124,-2.8376000000000096e-05,0.016567618,0.0169825,1.4302222387136651e-06,0.0167822557466336,0.0001417045655742,-0.0372181417488076,-0.0160803594303168,-0.1509011646866306,-1.179900135451435,0.0001305724729777,7.0,30.0,3.6,True,-3.8486161570091415,-1.4292453143966926,train,14.238095238095235
b1c35,b1,7C(30%)-3.6C,703.0,1.0707464,1.0739936,0.0032472000000001,1.0707464,1.0758256,3.1953209647471863e-06,1.0743447123681709,34.87752171717172,36.075569,0.0084078339517623,34.44872218563183,0.017059039,0.017091474,3.243499999999733e-05,0.016647711,0.017091474,2.046819134199032e-06,0.0168627045170851,0.0001688084508574,-0.0391520343350484,-0.018223341654084,-0.0944872707865676,-1.2999242276573166,0.0001390571519287,7.0,30.0,3.6,True,-3.7726058155962217,-1.40724566713012,primary,14.238095238095235
b1c36,b1,7C(40%)-3C,704.0,1.0778315,1.0802411,0.0024096,1.0778315,1.0823593,-7.183043908478368e-06,1.0816428948352912,33.970878757575754,34.868446,0.006395048497217,33.64473128421767,0.016480684,0.016568536,8.785199999999938e-05,0.016229769,0.016568841,2.426142436611056e-06,0.016314012998359,0.0002140418309783,-0.0446214059612219,-0.0210423508580267,-0.0241203884457102,-1.2877295595088152,0.000182380219177,7.0,40.0,3.0,True,-3.669501342596068,-1.3504567497944329,train,15.428571428571429
b1c37,b1,7C(40%)-3C,648.0,1.0748194,1.0768065,0.0019871,1.0748194,1.0792918,-9.680958565250122e-06,1.0785237713110698,36.05156987878787,36.993626,0.0094544127025353,35.56939483095856,0.016607935,0.016675115,6.718000000000002e-05,0.016318144,0.016675115,2.155007705627689e-06,0.016436516627215,0.000211865921671,-0.0445447849576301,-0.0194368246349165,-0.2364758704805439,-1.2637732127261774,0.0001942406365643,7.0,40.0,3.0,True,-3.673938893314949,-1.3512031333038177,primary,15.428571428571429
b1c38,b1,7C(40%)-3.6C,617.0,1.0729513,1.0749754,0.0020241,1.0729513,1.0765978,-9.43712430426796e-06,1.0762827994001232,37.29856363636363,37.995705,0.0138204094001236,36.59372275695731,0.016260354,0.016349318,8.89640000000004e-05,0.016066672,0.016367279,2.4956121335807e-06,0.0160847807508843,0.0003689366724831,-0.0564155969469958,-0.0267641938349674,-0.0638104221681,-1.3483479281632569,0.0003282129048171,7.0,40.0,3.6,True,-3.433048173546677,-1.2486008121232728,train,13.428571428571429
b1c39,b1,7C(40%)-3.6C,625.0,1.0817773,1.0847629,0.0029856000000001,1.0817773,1.0864667,-3.294477427336007e-06,1.0858270173386928,37.40386024242424,38.024876,0.013373550550402,36.72180916435372,0.016743599,0.01683517,9.157099999999864e-05,0.016519627,0.01683517,2.623256042053136e-06,0.0165573184974108,0.0003129437479421,-0.0531439540918114,-0.024440041487006,-0.152502333206465,-1.277189897493371,0.0002714803333518,7.0,40.0,3.6,True,-3.504533720453133,-1.2745461357298669,primary,13.428571428571429
b1c40,b1,8C(15%)-3.6C,966.0,1.0833029,1.0857353,0.0024324,1.0833029,1.0878062,-8.204863327151616e-06,1.087348425807462,37.756139949494944,38.388569,0.0087474828324055,37.31001832504226,0.016756468,0.016823037,6.656899999999896e-05,0.016480761,0.016823037,1.937945034013637e-06,0.0165804380153865,8.806174658415387e-05,-0.0290957088162858,-0.0126288078477035,-0.248504664034311,-1.2414941194014202,6.305241735204293e-05,8.0,15.0,3.6,True,-4.055212705154736,-1.5361710582591284,train,15.291666666666668
b1c41,b1,8C(15%)-3.6C,1051.0,1.0789614,1.0821686,0.0032071999999998,1.0789614,1.0838689,-1.385528757008372e-07,1.082893853065347,36.8232453030303,37.576675,0.0068404454792826,36.47438258358687,0.016856873,0.016855884,-9.889999999998511e-07,0.016552322,0.016868001,1.5742043166357563e-06,0.016664606084902,8.48176100238975e-05,-0.028506291359022,-0.0123585685628461,-0.2313563134021078,-1.2429492659603925,6.265491489595637e-05,8.0,15.0,3.6,True,-4.071513969179501,-1.5450592803081853,primary,15.291666666666668
b1c42,b1,8C(25%)-3.6C,702.0,1.0798725,1.0832821,0.0034095999999999,1.0798725,1.084832,2.11359802102694e-06,1.0837813903393114,37.673212,38.397423,0.0129963800123685,37.01039661936919,0.0167679,0.016871214,0.000103314,0.016511114,0.016901791,2.6484280272108414e-06,0.016580553008996,0.0002158461043174,-0.0447096457287301,-0.0205992102528132,-0.1076940843110008,-1.3162418798566866,0.0001817083671709,8.0,25.0,3.6,True,-3.6658557852691183,-1.3495987713904605,train,14.375
b1c43,b1,8C(25%)-3.6C,651.0,1.0682389,1.0688359,0.0005969999999999,1.0682389,1.071671,-2.4014810142242883e-05,1.0717469502667487,36.82060524242424,37.725166,0.0096104361781075,36.330472997340735,0.016111452,0.016239306,0.000127854,0.015904058,0.016246699,2.601478379715549e-06,0.015972180168291,0.000214892336711,-0.0446058901526373,-0.0191656267784761,-0.2372535359401244,-1.3026127286464535,0.0002146841635052,8.0,25.0,3.6,True,-3.667779071634976,-1.3506077894518462,primary,14.375
b1c44,b1,8C(35%)-3.6C,616.0,1.0847682,1.0847102,-5.800000000011352e-05,1.0847102,1.0883306,-3.361546072974101e-05,1.0885564602143882,35.79095866666667,36.804283,0.0127621350773034,35.14008977772418,0.017436398,0.017589169,0.000152771,0.017142953,0.017589169,2.9261513419913047e-06,0.0172646162512554,0.0003795770928016,-0.0587970716540376,-0.029329092901317,0.1390798493227942,-1.2892846015980648,0.0003415648855741,8.0,35.0,3.6,True,-3.420700004806511,-1.2306443031102852,train,13.458333333333334
b1c45,b1,8C(35%)-3.6C,599.0,1.0839558,1.0858277,0.0018719,1.0839558,1.0884383,-1.2920053184910836e-05,1.0878183732174802,36.69642807070708,37.855122,0.0140372346815089,35.980529101950104,0.016685704,0.016836088,0.0001503839999999,0.016382927,0.016865226,3.013581175015473e-06,0.0165205589459327,0.0003755845892835,-0.0594035099161143,-0.0288660905211357,0.1151977658328207,-1.280392401163963,0.0003503046365899,8.0,35.0,3.6,True,-3.425292235698906,-1.2261878935345305,primary,13.458333333333334
b2c0,b2,1C(4%)-6C,300.0,1.0700541,1.038452,-0.0316020999999999,1.0345417,1.0735837,-0.0003547307619047,1.0788386304733038,32.15767962626263,33.972218,0.0084412823871366,31.727174224518645,0.017505454,0.017292464,-0.0002129899999999,0.016423751,0.017640008,2.4254136549164226e-06,0.016793547651074,0.0017959194682053,-0.135422471569059,-0.0713382733668907,0.4888624623769714,-0.8824477502085513,0.0012035613960861,1.0,4.0,6.0,True,-2.745713141665485,-0.8683092642425612,train,12.0
b2c1,b2,2C(10%)-6C,148.0,1.0720705,0.96833885,-0.1037316499999999,0.96833885,1.0736164,-0.001092104697217,1.084408327436858,36.817352333333325,38.543324,0.0009903058627087,36.76684673433517,0.017582141,0.016749162,-0.0008329789999999,0.016267318,0.018061424,-8.100790105133028e-06,0.0172823117802102,0.0018754222887555,-0.1380262372985188,-0.0776840568205408,0.9309968125740736,-0.5094314833198457,0.0020472015462135,2.0,10.0,6.0,True,-2.726900926855244,-0.8600383510560676,primary,12.0
b2c2,b2,2C(2%)-5C,438.0,1.0735391,1.0759984,0.0024592999999999,1.0735391,1.0799674,-1.2791405071124345e-05,1.0786796212545864,37.39823604040404,39.198795,0.0168677454421769,36.537981022853,0.017894397,0.017662315,-0.0002320819999999,0.017209327,0.017922889,-1.328541694496042e-06,0.0176206513031869,0.0003211746209684,-0.0545639384705621,-0.0244914665853449,-0.1701988009520471,-1.2838328727657735,0.0001382519648328,2.0,2.0,5.0,True,-3.4932587797347123,-1.263094289482448,train,12.36
b2c3,b2,2C(7%)-5.5C,335.0,1.0668509,1.046734,-0.0201168999999998,1.046734,1.0689098,-0.0002273741682127,1.072520538134405,38.53191763636363,39.808941,0.0129226828076684,37.87286081317253,0.016825944,0.016492119,-0.0003338249999999,0.015852956,0.016992988,-1.6502429066172542e-06,0.0162747078427829,0.001176125916859,-0.100741258314522,-0.0567150138323774,0.4220609135432645,-1.0346303883299823,0.0011096340334979,2.0,7.0,5.5,True,-2.9295461799013505,-0.9967926288640484,primary,12.245454545454544
b2c4,b2,3.6C(22%)-5.5C,444.0,1.0728973,1.0650914,-0.0078058999999999,1.0650914,1.0756472,-0.0001067501001855,1.0773306450084514,37.069230989899,38.022896,0.0122045297217067,36.44679997409193,0.016936054,0.016080894,-0.00085516,0.015997788,0.016936054,-4.171756165739062e-06,0.0164016225038466,0.0004446260986471,-0.0640081718243469,-0.0322315015538469,0.1600339926882276,-1.1373703168595544,0.0004097968360365,3.6,22.0,5.5,True,-3.352005048686605,-1.193764576771347,train,12.175757575757576
b2c5,b2,3.6C(2%)-4.85C,480.0,1.0680153,1.070745,0.0027297000000001,1.0680153,1.0730206,-1.1376598639489792e-06,1.072032035804576,35.74180347474747,36.829567,0.0102915140012366,35.216936260684385,0.017180175,0.016871674,-0.0003085009999999,0.016727364,0.017180175,-5.074050463821313e-07,0.0168792057381735,0.0002496347161487,-0.0480997946006019,-0.0222202474861457,-0.0793293292471732,-1.273671277597151,0.000260438785003,3.6,2.0,4.85,True,-3.6026950184150945,-1.317856778179508,primary,12.45704467353952
b2c6,b2,3.6C(30%)-6C,511.0,1.0687391,1.0521992,-0.0165398999999999,1.0521992,1.0725312,-0.0002143858466295,1.0756582428245722,37.326601131313126,38.299351,0.0116048031663572,36.73475616982888,0.016829265,0.015800076,-0.0010291889999999,0.015648872,0.016829265,-4.541291564625943e-06,0.0160971736879777,0.0005696530853362,-0.0724571568580867,-0.0392747783296043,0.4352605158316442,-1.012803664445597,0.0004955351399731,3.6,30.0,6.0,True,-3.2443895460665497,-1.1399187112215654,train,12.0
b2c10,b2,3.6C(9%)-5C,561.0,1.0690521,1.0670482,-0.0020039,1.0669945,1.0739418,-6.001392455164365e-05,1.0745925687379918,38.71828132323232,39.457458,0.0104837051576993,38.18361236018964,0.018265773,0.017686415,-0.0005793579999999,0.017548179,0.018265773,-3.536822745825673e-06,0.0179455117782189,0.0002364212997953,-0.0483221117570971,-0.0235047857740405,0.1655272005478084,-1.0910356400913934,0.000214804404554,3.6,9.0,5.0,True,-3.6263133993353818,-1.3158540945770287,primary,12.42
b2c11,b2,4C(13%)-5C,477.0,1.0717047,1.0705185,-0.0011862,1.0705185,1.0759286,-4.145734199134466e-05,1.0763249385829723,37.23627671717172,38.132206,0.0122423129251698,36.61191875798803,0.017606791,0.017084051,-0.00052274,0.017036082,0.017619114,-3.2301707235621696e-06,0.0173603059089218,0.000344573528819,-0.0564909686467136,-0.0276934622440337,0.0880169834809089,-1.209469188099545,0.0002786505727766,4.0,13.0,5.0,True,-3.4627180894225704,-1.248020978382527,train,12.39
b2c12,b2,4C(31%)-5,458.0,1.0712759,1.0600308,-0.0112451,1.0600308,1.0742466,-0.0001480130797773,1.0765019741393524,38.43346018181818,39.435226,0.0140038159431045,37.71926556871983,0.017133227,0.01617695,-0.000956277,0.016133603,0.017133227,-5.217305837971525e-06,0.0166101048906658,0.0004785090409898,-0.0664456657549091,-0.0350104431454225,0.3516016325069566,-1.0841283580532208,0.0004513094356998,4.0,31.0,5.0,True,-3.3201098522133914,-1.177533342789229,primary,12.93
b2c13,b2,4C(40%)-6C,483.0,1.080285,1.0716245,-0.0086604999999999,1.0716245,1.0832168,-0.000121203641311,1.085154312979591,37.74174986868687,39.087688,0.0140616394557822,37.02460625644196,0.017087275,0.016590212,-0.0004970629999999,0.016480118,0.017087275,-1.7513243537415678e-06,0.0166854864107276,0.0006534043083988,-0.0769319756644991,-0.0371685480017233,-0.0506989936376138,-1.161868336628713,0.0006419742039554,4.0,40.0,6.0,True,-3.1848180062125007,-1.113893114446788,train,12.0
b2c14,b2,4C(4%)-4.85C,485.0,1.0780684,1.0809475,0.0028790999999999,1.0780684,1.0828831,-3.9703030302999845e-06,1.0822715622222217,37.292578131313135,38.206268,0.0143968934446506,36.55833656563594,0.017164165,0.017031098,-0.0001330669999999,0.016895344,0.017164165,4.7547032776742723e-07,0.0169824566294454,0.0003171379347709,-0.0522308188211336,-0.0243665480947413,-0.112798032900071,-1.3229641692094989,0.000281416251065,4.0,4.0,4.85,True,-3.4987518062973946,-1.2820731656867947,primary,12.476288659793816
b2c17,b2,4.4C(24%)-5C,494.0,1.0656468,1.073837,0.0081902,1.0656468,1.0767114,2.0565896103886607e-05,1.073533826167388,34.27828941414142,35.806377,0.0108126105009275,33.72684627859409,0.017780064,0.017275661,-0.000504403,0.016974878,0.017986769,-1.8592381323439064e-06,0.0174772752255576,0.0003723989107088,-0.0578195073478712,-0.024470063872948,-0.300708614257114,-1.2581727076931584,0.0001871399714803,4.4,24.0,5.0,True,-3.428991598028636,-1.237925613063364,train,12.392727272727273
b2c18,b2,4.4C(47%)-5.5C,487.0,1.063838,1.0588086,-0.0050293999999999,1.0587758,1.0676094,-8.156308843537884e-05,1.0682831104394968,37.33855722222222,38.70813,0.0091798679653678,36.87038395598844,0.017536523,0.017100986,-0.0004355369999999,0.016697574,0.017950749,-3.9646071737786535e-06,0.0173132738547515,0.0002967189952749,-0.0554332674491749,-0.026516398880862,0.0995810202281541,-1.011572371266192,0.0002015634176496,4.4,47.0,5.5,True,-3.5276546502486883,-1.256229521672304,primary,12.19090909090909
b2c19,b2,4.4C(55%)-6C,461.0,1.0480373,1.0328457,-0.0151916,1.0328457,1.0496798,-0.0001785078231292,1.0512770323129248,35.33579731313132,37.402428,0.0124498190970932,34.70085653917953,0.017928939,0.01689407,-0.001034869,0.01643493,0.018011536,-5.247273024118843e-06,0.017071428954533,0.0004830533751876,-0.0645409091950676,-0.0315363000596377,-0.03846874117541,-1.2304444249470916,0.0004393584465534,4.4,55.0,6.0,True,-3.316004879044087,-1.190164920933669,train,12.0
b2c20,b2,4.4C(8%)-4.85C,502.0,1.0831043,1.0862604,0.0031560999999999,1.0831043,1.0894939,-6.300379715522767e-06,1.0882770415877132,36.7588658989899,38.40601,0.0129033540136052,36.100794844296026,0.017545482,0.017448828,-9.665400000000156e-05,0.017116761,0.017713943,-1.3483976004948155e-06,0.0174768500048979,0.0001901356458327,-0.0437211214489625,-0.0209081458919426,0.0847655753914737,-1.085962933736715,0.0001785087577246,4.4,8.0,4.85,True,-3.7209364557951714,-1.3593087069041785,primary,12.472352389878164
b2c21,b2,4.65C(19%)-4.85C,489.0,1.0768799,1.0766457,-0.0002341999999999,1.0764539,1.0820169,-4.3975447124306646e-05,1.0821369467932382,36.29858464646465,37.163727,-0.0107410750649349,36.84637947477632,0.017655412,0.017396539,-0.0002588729999999,0.017165525,0.017701758,-1.97292032158322e-06,0.017513174289936,0.0002974840258485,-0.0587962324559959,-0.0262087839758504,0.1280750311258155,-1.1938588714828506,0.0003240519574073,4.65,19.0,4.85,True,-3.5265363498416806,-1.230650501746874,train,12.47223145992684
b2c22,b2,4.65C(44%)-5C,513.0,1.079723,1.0825431,0.0028201000000001,1.079723,1.0853698,-8.084566481135177e-06,1.0846159310723555,35.205671333333335,36.146839,0.0084018094743351,34.77717905014222,0.017338831,0.016993294,-0.0003455369999999,0.016888004,0.017338831,-7.305259121831437e-07,0.0170541950841475,0.0002790314382551,-0.0506018274206624,-0.0236809867341067,-0.0534786809217161,-1.2687503444766817,0.0002693674960014,4.65,44.0,5.0,True,-3.554346862348197,-1.295833798883936,primary,12.39741935483871
b2c23,b2,4.65C(69%)-6C,527.0,1.0745209,1.0714235,-0.0030973999999999,1.0711476,1.0780809,-6.655335683364035e-05,1.0789011737237677,35.90386328282828,36.934685,0.0105106091651205,35.367822215407124,0.017877026,0.017051566,-0.00082546,0.01690297,0.017877026,-4.262698058132343e-06,0.0173645877423788,0.0002976739698878,-0.0524021602869269,-0.0273512319527193,0.2676053781658962,-1.1686738898605398,0.0002670388081398,4.65,69.0,6.0,True,-3.5262591405912627,-1.2806508087919857,train,12.003225806451612
b2c24,b2,4.8C(80%)-4.8C,495.0,1.0679682,1.0710108,0.0030426000000001,1.0679682,1.0734261,2.7728014842328424e-06,1.0719389194475362,32.040300414141406,36.811321,-0.0008802068150897,32.08519096171098,0.017488673,0.017228115,-0.000260558,0.016777694,0.017624207,8.418560667903672e-07,0.01706296970423,0.0002014642961934,-0.0440373148599398,-0.0195804470513533,-0.1406440077652506,-1.1759479173545964,0.0001942099815987,4.8,80.0,4.8,True,-3.695801909027108,-1.356179169651758,primary,12.5
b2c25,b2,4.8C(80%)-4.8C,461.0,1.0672674,1.0676695,0.0004021,1.0672674,1.0721645,-3.033035250464497e-05,1.0720936338363225,31.199627848484848,33.972847,-0.0391160080024738,33.194544256611,0.017678419,0.017124586,-0.000553833,0.016953357,0.017678419,-2.761711478045861e-06,0.0173264898712389,0.0003528070421846,-0.0569454542210923,-0.0267556352367797,-0.0224669803880999,-1.2669993101850092,0.0002479570092249,4.8,80.0,4.8,True,-3.4524627547437645,-1.2445409385820867,train,12.5
b2c26,b2,4.8C(80%)-4.8C,471.0,1.0766411,1.0773104,0.0006692999999999,1.0766411,1.0825263,-3.700558317872623e-05,1.082561314035044,35.32942847474747,36.585075,0.0109498660853431,34.77098530439496,0.018048871,0.017471852,-0.000577019,0.017301282,0.01806586,-2.913524452690176e-06,0.0177188057571882,0.0003915967025925,-0.0589464165646134,-0.0288120725391343,0.0748635403201679,-1.3106407552293575,0.000259075553015,4.8,80.0,4.8,True,-3.407160973794107,-1.2295425911374671,primary,12.5
b2c27,b2,4.9C(27%)-4.75C,468.0,1.065841,1.0693567,0.0035156999999998,1.065841,1.071787,4.945726654254184e-07,1.0705976959859818,35.74766228282829,36.62397,0.0114282803710575,35.16481998390434,0.017624324,0.017357314,-0.00026701,0.017141469,0.017648097,-6.508404576375885e-07,0.0173726266209152,0.0002742784239434,-0.0502499484728204,-0.0230386296574911,-0.0907819093658923,-1.2659572716487812,0.0001653104480956,4.9,27.0,4.75,True,-3.561808354739152,-1.2988643792404335,train,12.52717508055854
b2c28,b2,4.9C(61%)-4.5C,509.0,1.07155,1.0759076,0.0043576,1.0706482,1.0778632,6.73038961039119e-06,1.0763528662914856,37.37691836363637,38.591679,0.0142425623005566,36.65054768630796,0.017233955,0.017148972,-8.498300000000028e-05,0.01686197,0.017316906,-3.9804886827462843e-07,0.0170801525932921,0.0003004141066176,-0.0516730401460659,-0.0241170926852386,-0.1316480719399191,-1.2974451301497614,0.0001408377241697,4.9,61.0,4.5,True,-3.522279677918403,-1.2867359862998995,primary,12.66938775510204
b2c29,b2,4.9C(69%)-4.25C,498.0,1.0725043,1.0787998,0.0062955,1.0725043,1.0793418,3.2791438466289255e-05,1.076574751789734,37.97272521212121,39.010788,0.0137262778354977,37.2726850425108,0.017144648,0.01718566,4.101199999999999e-05,0.016837668,0.017222976,2.114645095856389e-06,0.0169244865546567,0.0001954775868975,-0.0410979943014663,-0.0176219350279947,-0.2857673827106419,-1.3624568969037734,0.000142976624761,4.9,69.0,4.25,True,-3.7089030308243887,-1.3861793724076386,train,12.825450180072028
b2c30,b2,5.2C(10%)-4.75C,481.0,1.0672802,1.071249,0.0039687999999999,1.0672802,1.0731578,8.45844403215631e-06,1.0717198446068847,36.53235286868687,37.101799,0.0077932206431662,36.13489861588537,0.017789029,0.017473349,-0.00031568,0.017394017,0.017789029,-8.952802473716827e-07,0.017543124413828,0.0002484310275782,-0.0472697554999613,-0.0207636887658427,-0.1991142630932543,-1.2890948320477866,0.0001826387189963,5.2,10.0,4.75,True,-3.604794164274512,-1.3254166440540196,primary,12.522267206477732
b2c31,b2,5.2C(37%)-4.5C,492.0,1.0732793,1.0785081,0.0052288,1.0732793,1.0801251,1.265737414966236e-05,1.0785736395749326,34.861484393939385,35.575104,0.0082908946320345,34.43864876770561,0.01768863,0.017651426,-3.7203999999999016e-05,0.017417014,0.017703837,8.497545578231455e-07,0.0175132503458338,0.0002360133113698,-0.0453790405758769,-0.0219302017936086,-0.0045939578428319,-1.3586490974590375,0.0001516970812061,5.2,37.0,4.5,True,-3.6270635017272697,-1.3431446904036428,train,12.669230769230769
b2c32,b2,5.2C(50%)-4.25C,519.0,1.0742669,1.0795146,0.0052476999999999,1.0742669,1.0809267,1.7829948051949118e-05,1.07876453224531,37.88489983838383,39.249191,0.0138859321212119,37.17671730020201,0.017645668,0.017755082,0.0001094139999999,0.017273866,0.01781051,1.4949291774891424e-06,0.0174613023190187,0.0003257840987148,-0.057812341070244,-0.0241888444961173,-0.2083800593039704,-1.3054991323034737,0.0001650816485003,5.2,50.0,4.25,True,-3.4870701171083853,-1.237979443818054,primary,12.828054298642536
b2c33,b2,5.2C(58%)-4C,520.0,1.079052,1.0847911,0.0057390999999999,1.079052,1.085596,2.06875670995604e-05,1.0835212896334774,36.44586771717172,37.553761,0.0117837931725418,35.84489426537207,0.017695136,0.017794212,9.907600000000004e-05,0.017406421,0.0178621,2.6487945207173564e-06,0.0174922999642918,0.0002071953217673,-0.0431726840828581,-0.0197428502608212,-0.0747167169681708,-1.3530181363625309,0.0001533716266013,5.2,58.0,4.0,True,-3.683620054687343,-1.3647909500433442,train,12.99230769230769
b2c34,b2,5.2C(66%)-3.5C,499.0,1.0688509,1.0746909,0.00584,1.0688509,1.0757035,2.0926824984536708e-05,1.073610612733869,37.85557094949495,38.83897,0.0116337373902287,37.26225034259326,0.017662423,0.017513853,-0.00014857,0.017337065,0.017742416,1.464584131106956e-06,0.0174995433002226,0.0001979533069085,-0.0423990775079938,-0.0186754891276894,-0.1264307186605994,-1.3474658271248725,0.0001454136418801,5.2,66.0,3.5,True,-3.703437238745736,-1.372643592405999,primary,13.443956043956046
b2c35,b2,5.2C(71%)-3C,463.0,1.0687217,1.0718495,0.0031277999999999,1.0687217,1.0744882,-2.804415584373096e-07,1.073355198479076,38.835378858585855,40.031326,0.0143777922943721,38.10211145157286,0.017460613,0.017082267,-0.0003783459999999,0.016969517,0.017460613,-6.610008163265138e-07,0.0171388256678952,0.0003249590215255,-0.0534495938052997,-0.0234972059632662,-0.1868801465390474,-1.3795529259556338,0.0003111247673725,5.2,71.0,3.0,True,-3.488171401628571,-1.2720555909002402,train,13.99230769230769
b2c36,b2,5.6C(25%)-4.5C,535.0,1.079731,1.0852383,0.0055073000000001,1.0792044,1.0860698,2.40557600494703e-05,1.0839450360354563,38.13596305050506,39.087948,0.0132033484972169,37.46259227714696,0.02021559,0.020315139,9.954900000000086e-05,0.020022187,0.020340689,2.2979842918984217e-06,0.0200709527809111,0.0002728636241233,-0.0490234143401586,-0.0204285041578609,-0.3295428426510137,-1.3207179929450572,0.0002637386142846,5.6,25.0,4.5,True,-3.564054356948264,-1.3095964446659152,primary,12.678571428571429
b2c37,b2,5.6C(38%)-4.25C,478.0,1.0748166,1.081265,0.0064484,1.0748166,1.081674,3.505037847866405e-05,1.078896070091527,35.47797882828283,36.40403,0.0123350909090907,34.848889191919184,0.018226312,0.018319724,9.341199999999758e-05,0.01798249,0.018359095,2.925547915893617e-06,0.0180033019653803,0.0002998214586201,-0.0511337041573898,-0.0233112571598454,-0.112653712347949,-1.3788442515951649,0.0002943109359663,5.6,38.0,4.25,True,-3.5231372873423386,-1.2912927455710252,train,12.82436974789916
b2c38,b2,5.6C(47%)-4C,465.0,1.0699497,1.074622,0.0046722999999999,1.0699497,1.0757483,1.645809276437357e-05,1.074105116056895,36.40732571717172,37.465702,0.0135340879282622,35.71708723283033,0.017847016,0.017811341,-3.56749999999989e-05,0.017577264,0.017873663,2.1162935435992165e-06,0.0176348144939228,0.0002909100569459,-0.0513826023277012,-0.0247071256032739,0.0404566531369756,-1.3193551725528,0.0002585673184527,5.6,47.0,4.0,True,-3.536241264656648,-1.289183904196945,primary,12.985714285714286
b2c39,b2,5.6C(58%)-3.5C,459.0,1.0784613,1.0863159,0.0078545999999999,1.0784613,1.0868819,3.186357946814652e-05,1.0842843988612654,36.07520380808081,36.903049,0.0132898019047619,35.39742391093793,0.018174672,0.018249137,7.446499999999925e-05,0.017882114,0.01825963,3.4119252566480573e-06,0.0178873174482745,0.0003121779273305,-0.0520448242894074,-0.0255129141006609,0.0503028447118131,-1.3871948371953673,0.0002535707379779,5.6,58.0,3.5,True,-3.5055978071590888,-1.2836224533640963,train,13.414285714285716
b2c40,b2,5.6C(5%)-4.75C,499.0,1.0765519,1.0798434,0.0032915,1.0747217,1.0831202,-1.993067903525578e-05,1.0822686636206964,38.19932831313131,39.397137,0.0162741282622139,37.36934777175838,0.017582053,0.017112505,-0.000469548,0.016943704,0.017582053,-1.7627499319726704e-06,0.0172865239536013,0.0002755099674115,-0.0502909840618348,-0.0238973269931096,0.0315894195355597,-1.3134568638159831,0.0001905534780724,5.6,5.0,4.75,True,-3.559862684603453,-1.2985098662990688,primary,12.535714285714286
b2c41,b2,5.6C(65%)-3C,429.0,1.0682049,1.0736984,0.0054935,1.0682049,1.0761088,1.664656524428442e-05,1.0738826716371876,37.45213359595959,38.922901,0.0159164575510203,36.64039426085755,0.0179385,0.01785991,-7.858999999999991e-05,0.017491397,0.018032856,3.873246382188918e-07,0.0177691690697134,0.0003638463022554,-0.0565802782334609,-0.0258234619390526,-0.1359564796346715,-1.3806244106516372,0.0002130511029586,5.6,65.0,3.0,True,-3.439082034424639,-1.247334921231102,train,13.964285714285715
b2c42,b2,6C(20%)-4.5C,466.0,1.0780239,1.082616,0.0045920999999999,1.0780239,1.0841106,1.1841173778598723e-05,1.0825180445817355,38.01192291919192,39.339207,0.0180083415213358,37.09349750160378,0.017394457,0.017301504,-9.29529999999998e-05,0.016997622,0.017426116,1.5481373036486512e-06,0.0171391373409482,0.0002586453057172,-0.0499718451598133,-0.023693164423773,0.0767126071793517,-1.2442427331207495,0.0002375194908176,6.0,20.0,4.5,True,-3.587295399410774,-1.3012746143770937,primary,12.666666666666668
b2c43,b2,6C(31%)-4.25C,462.0,1.0735646,1.0790776,0.0055129999999998,1.0735646,1.08064,1.2511228200372228e-05,1.078976252614306,37.78736292929293,38.905258,0.0162017232529375,36.961075043393095,0.01812768,0.018218031,9.035099999999892e-05,0.017879792,0.018293388,2.100326258503208e-06,0.0180197434618264,0.0004027463745565,-0.0594252103916058,-0.0283387619817094,-0.0101418312362021,-1.3617956982410178,0.0003651786692214,6.0,31.0,4.25,True,-3.3949683603244942,-1.2260292720019412,train,12.841176470588234
b2c44,b2,6C(40%)-4C,457.0,1.070887,1.0763599,0.0054729,1.070887,1.0772526,2.2273128014841293e-05,1.0752136421884142,37.83421164646465,39.444595,0.0159768650092763,37.01939153099154,0.01761589,0.017802216,0.000186326,0.017408777,0.018015467,3.702520964749583e-06,0.0174877832893836,0.0003527107218993,-0.0569335603643824,-0.0264745163180608,-0.0407535416419279,-1.2930399359563824,0.0003649839532543,6.0,40.0,4.0,True,-3.452581338203432,-1.2446316565493123,primary,13.0
b2c45,b2,6C(4%)-4.75C,487.0,1.0704726,1.0730408,0.0025682,1.0704726,1.0756582,-7.060436611011699e-06,1.0748679741863532,37.10048147474748,37.933308,0.0092311944836114,36.62969055608328,0.017153347,0.017026441,-0.0001269059999999,0.01683791,0.017201968,-2.3668568954858802e-07,0.017011938030773,0.0002049190517216,-0.0435159808150439,-0.0208557185202824,0.0288602959593052,-1.2972087444918443,0.0002145139175505,6.0,4.0,4.75,True,-3.6884176625215854,-1.3613512233846543,train,12.526315789473683
b2c46,b2,6C(52%)-3.5C,429.0,1.0726138,1.0795197,0.0069059,1.0726138,1.079998,2.937985776128307e-05,1.0776319656380124,36.73920442424242,37.894932,0.0159165179344464,35.927462009585646,0.017752018,0.017999796,0.0002477779999999,0.017551575,0.018118324,4.63651363017932e-06,0.0175646857644568,0.0004276186760911,-0.0602679963162774,-0.0300820864122878,0.0622967872226835,-1.3554859723387906,0.000419478581297,6.0,52.0,3.5,True,-3.368943335394539,-1.2199132469467109,primary,13.428571428571429
b2c47,b2,6C(60%)-3C,713.0,1.0421375,1.0470229,0.0048854,1.0421375,1.0502502,-9.553367965375936e-06,1.049389155099567,36.45115027272728,36.923679,0.0060447933828076,36.14286581020407,0.017923383,0.017087102,-0.000836281,0.017025596,0.017923383,-4.02456113790978e-06,0.0174252507695485,9.24845860618688e-05,-0.0296132383569864,-0.0119885421548812,-0.2714685725166993,-1.210870366571767,7.288748651547691e-05,6.0,60.0,3.0,True,-4.033930642894341,-1.5285140977215308,primary,14.0
b3c0,b3,5C(67%)-4C-newstructure,1009.0,1.0674551,1.0694544,0.0019992999999998,1.0674551,1.0713712,-5.346195423623116e-06,1.0706590913201397,33.56015334402748,33.974361,0.0044144632705238,33.335015717230746,0.015398955,0.015270543,-0.000128412,0.015180224,0.015398955,-1.561688930117755e-07,0.0152438168963718,5.687024898905241e-05,-0.0233116574274743,-0.0101021773936911,-0.1951216211931867,-1.171883788026688,5.125217136258954e-05,5.0,67.0,4.0,True,-4.245114870317645,-1.632426847628423,secondary,12.990000000000002
b3c1,b3,5.3C(54%)-4C-newstructure,1063.0,1.0650603,1.0664777,0.0014174,1.0650603,1.0687399,-1.4719340754489794e-05,1.0684723580956503,37.98835277556221,38.707848,0.0084759560272809,37.55607901817087,0.015162034,0.015059211,-0.000102823,0.014931546,0.015162034,2.751159431044403e-07,0.0149705281778107,5.181521321780508e-05,-0.0223241775540682,-0.0096210189293608,-0.2863695436051661,-1.123994226625317,4.828345852164973e-05,5.3,54.0,4.0,True,-4.28554271039912,-1.651224532005341,secondary,13.013207547169811
b3c3,b3,5.6C(36%)-4.3C-newstructure,1115.0,1.0628892,1.0635946,0.0007053999999999,1.0628892,1.0655342,-1.2654854669145048e-05,1.065298417790146,39.4408972847914,40.076626,0.0047241027808919,39.19996804296589,0.015006617,0.015062672,5.60549999999993e-05,0.014885032,0.01506798,6.697871243042945e-07,0.0149658046243372,7.645259474220121e-05,-0.0268366147351127,-0.0107054143527131,-0.4795495922194519,-1.0204009571273698,7.964842583406097e-05,5.6,36.0,4.3,True,-4.116607770381197,-1.571272268480119,secondary,12.787375415282392
b3c4,b3,5.6C(19%)-4.6C-newstructure,1048.0,1.0724765,1.0738586,0.0013821,1.0724765,1.075265,-5.23310451453129e-06,1.0748046580272106,32.98110366119803,33.39357830787951,0.0023596163441574,32.86076322764598,0.015246842,0.015179508,-6.733400000000049e-05,0.015085269,0.015246842,4.5765046382140616e-08,0.0151267698917254,6.630317519564988e-05,-0.024810275761238,-0.0101064388689067,-0.4358594530739961,-1.108117428835132,4.582392362954574e-05,5.6,19.0,4.6,True,-4.178465673149821,-1.6053684086049202,secondary,12.600931677018636
b3c5,b3,5.6C(36%)-4.3C-newstructure,828.0,1.0514506,1.0518515,0.0004009,1.0514506,1.0540558,-1.602090043289747e-05,1.0539742073362188,39.69079276471186,40.19554382518285,0.0080301866576481,39.28125324517179,0.015374157,0.015206923,-0.0001672339999999,0.015130546,0.015374157,-2.455056400741959e-07,0.0151951388381488,7.683799523990656e-05,-0.0254450982463654,-0.0114457654376924,-0.1629821002500825,-1.284729377655977,7.458215812768725e-05,5.6,36.0,4.3,True,-4.114423974726586,-1.5943958679279635,secondary,12.787375415282392
b3c6,b3,3.7C(31%)-5.9C-newstructure,667.0,1.0626124,1.04378,-0.0188323999999999,1.04378,1.0630716,-0.0002023977884972,1.0640819993345698,36.98765147763979,37.461433,0.0083120712702297,36.56373584285806,0.013527169,0.013847317,0.0003201479999999,0.013527169,0.013858472,2.670404366110063e-06,0.0135944703167223,0.0002980518398608,-0.0532016465912453,-0.0285175611004537,0.4831586308451878,-0.8670783975112881,0.0002965679139669,3.7,31.0,5.9,True,-3.525708192945637,-1.274074926080414,secondary,12.043976179569398
b3c7,b3,4.8C(80%)-4.8C-newstructure,1836.0,1.0675218,1.0684743,0.0009525000000001,1.0675218,1.070919,-2.357448361162832e-06,1.070297655118944,34.27477909930834,34.60008198094648,0.0024054101753191,34.15210318036704,0.015535541,0.015500138,-3.5402999999999823e-05,0.015372629,0.015535541,2.541466048237046e-07,0.0154153040383055,3.2453221357996856e-05,-0.0170590218350703,-0.0070377790148798,-0.3407829327064192,-1.200764084320108,2.8089376719963948e-05,4.8,80.0,4.8,True,-4.488742187967908,-1.7680458749158865,secondary,12.5
b3c8,b3,5C(67%)-4C-newstructure,828.0,1.0647362,1.067026,0.0022898,1.0647362,1.0687144,-3.308951144097934e-06,1.068174847417439,35.07929651965403,35.5458971642776,0.005887062036165,34.77905635580959,0.015438134,0.015265453,-0.0001726809999999,0.01520093,0.015438134,-5.310785157699798e-07,0.0152804043578396,8.094615840627263e-05,-0.0268489706128323,-0.011806368426415,-0.2150719887466129,-1.27915350756365,6.154676033493698e-05,5.0,67.0,4.0,True,-4.091803757442373,-1.57107236045741,secondary,12.990000000000002
b3c9,b3,5.3C(54%)-4C-newstructure,1039.0,1.0694826,1.0724456,0.002963,1.0694826,1.0733707,6.680531849076843e-07,1.0728252555501956,35.09617884754773,35.6854391223452,0.0056613045793949,34.807452313998574,0.015903223,0.015873827,-2.9396000000000977e-05,0.015742281,0.015903223,4.882702906616561e-07,0.015773682013156,0.0001041604978476,-0.0295752747869662,-0.014478011810756,-0.0558486079980573,-1.3472162794731597,7.25327296983219e-05,5.3,54.0,4.0,True,-3.982296953008326,-1.5290712116059078,secondary,13.013207547169811
b3c10,b3,4.8C(80%)-4.8C-newstructure,1078.0,1.0617746,1.0623909,0.0006163000000001,1.0617746,1.0650008,-2.8759653679712824e-06,1.0645252641327565,34.79216549532189,35.20887742320281,0.0040513494180135,34.58554667500317,0.015551002,0.015407138,-0.0001438639999999,0.015318613,0.015551002,-9.643763760061232e-08,0.0153779930366893,3.878323894759448e-05,-0.0190930258852295,-0.0083351835824898,-0.2449564866670881,-1.1918753068944838,4.155159459770036e-05,4.8,80.0,4.8,True,-4.4113559240265765,-1.7191252386508338,secondary,12.5
b3c11,b3,5.6C(19%)-4.6C-newstructure,817.0,1.0680679,1.0682998,0.0002318999999999,1.0680679,1.0707607,-1.768216573902336e-05,1.070729462169861,37.60932852326845,38.22832463770115,0.0100296720359069,37.09781524943718,0.015608084,0.015558524,-4.955999999999884e-05,0.015485173,0.015608084,4.653178726031924e-08,0.0155223411515769,0.0001303403357952,-0.034087374997818,-0.0156206911756534,-0.1401925828848234,-1.2656063363142076,9.558902549104915e-05,5.6,19.0,4.6,True,-3.884921164468128,-1.4674064416533912,secondary,12.600931677018636
b3c12,b3,5.6C(36%)-4.3C-newstructure,932.0,1.0741653,1.0755343,0.0013689999999999,1.0741653,1.076943,-6.679463203466932e-06,1.0766760324213562,35.542101100869175,36.11585579982815,0.0071266700681019,35.17864092739597,0.016139418,0.016099032,-4.038599999999989e-05,0.01599754,0.016139418,3.854761657389574e-07,0.0160281760791836,0.0001130342411889,-0.0317349217881972,-0.0153148930636195,0.0090079075791758,-1.2833709230089114,9.45526053688587e-05,5.6,36.0,4.3,True,-3.946789976810527,-1.4984625676823464,secondary,12.787375415282392
b3c13,b3,5.6C(19%)-4.6C-newstructure,816.0,1.065558,1.067306,0.001748,1.065558,1.0696447,-1.2185193568334853e-05,1.069335077195217,37.233278981795394,37.80334001741199,0.0078102285004641,36.83495732827172,0.015250437,0.015105296,-0.0001451409999999,0.01506449,0.015250437,-9.002399257885153e-07,0.0151744749533869,8.045138308284514e-05,-0.0276460839609007,-0.0117654801974339,-0.2582687355469186,-1.197938880295874,6.415314554079794e-05,5.6,19.0,4.6,True,-4.094466485311571,-1.5583663773653682,secondary,12.600931677018636
b3c14,b3,5.6C(36%)-4.3C-newstructure,858.0,1.0727056,1.0763919,0.0036863,1.0727056,1.0777442,4.636107606678319e-06,1.076779364572665,35.48777029470216,36.101499457512425,0.0066259760311118,35.14984551711544,0.015668793,0.015591383,-7.740999999999998e-05,0.015496999,0.015668793,7.034149659760564e-09,0.0155515632482663,0.0001000765453483,-0.0292823603627372,-0.0132035573326509,-0.1920428628293423,-1.3198368224743084,7.13790786439082e-05,5.6,36.0,4.3,True,-3.999667694941993,-1.5333939190345427,secondary,12.787375415282392
b3c15,b3,5.9C(15%)-4.6C-newstructure,876.0,1.0684187,1.0693594,0.0009406999999999,1.0682734,1.0712774,-1.156462213976757e-05,1.07113651795135,36.80771071001127,37.344582,0.0095733789200909,36.319468385086616,0.015417448,0.015327176,-9.027200000000062e-05,0.01525728,0.015417448,-2.386809523810008e-07,0.0153181839507936,9.984253014088351e-05,-0.0294843450023362,-0.01334033083158,-0.1538237876495916,-1.2842654825214417,8.128661427778088e-05,5.9,15.0,4.6,True,-4.000684421929468,-1.5304085156742262,secondary,12.61238025055269
b3c16,b3,4.8C(80%)-4.8C-newstructure,1638.0,1.061009,1.0625579,0.0015488999999999,1.061009,1.0643399,-9.691301175015204e-06,1.0640031119154814,37.83242540611344,38.21816186151848,0.0052442304183709,37.56496965477651,0.015453937,0.015333001,-0.0001209359999999,0.015253145,0.015453937,-4.4548703772420613e-07,0.0153337705560956,2.020628622431914e-05,-0.0134519956396188,-0.0053233023549801,-0.0532719781846671,-0.8886326372546569,3.3841221569332404e-05,4.8,80.0,4.8,True,-4.694513499472995,-1.87121328213125,secondary,12.5
b3c17,b3,5.3C(54%)-4C-newstructure,1315.0,1.0664514,1.0664585,7.0999999999266095e-06,1.0580338,1.069051,-5.833125541129357e-06,1.067345296473304,37.40160198756502,38.138309,0.0081541922603439,36.985738182287456,0.015524552,0.015362277,-0.0001622749999999,0.01535425,0.018645791,-1.6918838342609563e-06,0.0155298727220119,3.633180045384266e-05,-0.0178823915504138,-0.0072362168298251,0.0166980053148367,-0.8152410862997628,3.886351758131088e-05,5.3,54.0,4.0,True,-4.439713079764758,-1.747574400098696,secondary,13.013207547169811
b3c18,b3,5.6C(19%)-4.6C-newstructure,1146.0,1.0680237,1.0670015,-0.0010221999999999,1.0665783,1.0701538,-2.9274941249227192e-05,1.0703619310946195,37.97024186611959,38.518787,0.0076644631139138,37.57935424730997,0.015098186,0.015060746,-3.7439999999999696e-05,0.014978203,0.015098186,1.9280044526898694e-07,0.0150056937126448,5.571190370898626e-05,-0.0234557699816599,-0.0103422572436678,-0.2289617001770088,-1.0571234004912051,4.548559354518959e-05,5.6,19.0,4.6,True,-4.254052001185467,-1.6297503059145482,secondary,12.600931677018636
b3c19,b3,5.6C(36%)-4.3C-newstructure,1155.0,1.0719248,1.0708553,-0.0010694999999998,1.0708553,1.0738997,-2.96913580705044e-05,1.0742350855242215,37.876070766588285,38.401493,0.007698013992861,37.48347205295235,0.015555796,0.015513306,-4.249000000000093e-05,0.015178323,0.015555796,2.1412432900419577e-07,0.0154525728410389,6.730667325120848e-05,-0.0252936577042025,-0.01154547966315,-0.1208781285959662,-1.1118817229154592,5.664431249660774e-05,5.6,36.0,4.3,True,-4.171941874669042,-1.5969883629889912,secondary,12.787375415282392
b3c20,b3,5C(67%)-4C-newstructure,813.0,1.0650502,1.0664401,0.0013898999999999,1.0650502,1.0681109,-7.154074211503765e-06,1.0678147557645843,35.739254750947524,36.232254,0.0068801915935477,35.388364979676574,0.015409848,0.015333491,-7.635700000000085e-05,0.015206913,0.015409848,4.538381818181704e-07,0.0152401764850504,8.583320053473407e-05,-0.0280719935724769,-0.0119193833873199,-0.3395300474609152,-1.182800467385303,6.090927540336911e-05,5.0,67.0,4.0,True,-4.066344693269561,-1.5517267442311702,secondary,12.990000000000002
b3c21,b3,3.7C(31%)-5.9C-newstructure,772.0,1.0678563,1.0538316,-0.0140247,1.0538316,1.0686967,-0.0001594917019171,1.070112266696763,37.9177756860133,38.317612,0.0041507948560309,37.7060851483557,0.013943589,0.014177526,0.000233937,0.01394002,0.014178332,2.031001199752574e-06,0.0139894330701257,0.0001975483079849,-0.0432761485780055,-0.0235387042230519,0.506139744381752,-0.8460875667678058,0.0001915949616409,3.7,31.0,5.9,True,-3.704326685729274,-1.3637513968328057,secondary,12.043976179569398
b3c22,b3,5.9C(60%)-3.1C-newstructure,1002.0,1.0562643,1.0569046,0.0006402999999999,1.0562643,1.0591089,-1.5988764378477872e-05,1.0589703502156251,37.5322343873043,37.97354076473168,0.0055285914750322,37.25027622207764,0.015852775,0.015729792,-0.000122983,0.015614755,0.015852775,-2.793561657390253e-07,0.015699934517988,8.977958692912617e-05,-0.02840932971863,-0.0137225505163629,0.0529221115588978,-1.268973625616214,8.058461786510188e-05,5.9,60.0,3.1,True,-4.046822397094466,-1.5465390127724652,secondary,13.843630399125203
b3c24,b3,5C(67%)-4C-newstructure,825.0,1.0462732,1.050084,0.0038108000000001,1.0462732,1.0511289,9.650588744583156e-06,1.049949028054834,37.23633184265304,37.871063,0.0074139867120951,36.85821852033618,0.015751192,0.015600633,-0.000150559,0.01550305,0.015751192,-6.55122448980216e-08,0.0155573789830756,6.994312062017459e-05,-0.0247723986145858,-0.010345482795288,-0.3357488064002481,-1.2618522100043654,6.324062155121287e-05,5.0,67.0,4.0,True,-4.155254994876533,-1.6060319403400782,secondary,12.990000000000002
b3c25,b3,5.3C(54%)-4C-newstructure,989.0,1.0611302,1.0643663,0.0032361,1.0611302,1.0654705,6.950843537416724e-06,1.0644680120300964,38.88624032121534,39.59511080453456,0.0096360670160327,38.39480090339766,0.015752004,0.015702758,-4.924599999999932e-05,0.015591009,0.015752004,4.922898948669706e-07,0.0156167447305132,7.135743905511085e-05,-0.0265762492097603,-0.0109258216461676,-0.366350979925598,-1.073334512646299,5.70280954711525e-05,5.3,54.0,4.0,True,-4.146560744733272,-1.575506312424428,secondary,13.013207547169811
b3c26,b3,5.6C(19%)-4.6C-newstructure,1028.0,1.0720186,1.074435,0.0024163999999999,1.0720186,1.0758095,-4.288423005564325e-07,1.0751341679270248,39.14135891629517,39.786995,0.0083764673682282,38.71415908051552,0.015693368,0.015650999,-4.2369000000000434e-05,0.015538619,0.015693368,3.156067285095468e-07,0.0155774767841187,6.032434097872005e-05,-0.0241791392678879,-0.0101395927834648,-0.3421554787701476,-1.060483006313052,4.097762992441935e-05,5.6,19.0,4.6,True,-4.219507413901045,-1.6165591632709495,secondary,12.600931677018636
b3c27,b3,5.6C(36%)-4.3C-newstructure,850.0,1.0604171,1.0627574,0.0023402999999999,1.0604171,1.0644526,-4.035370439083252e-06,1.0639148665186555,38.44588898200405,38.98098,0.0084554856876678,38.01465921193298,0.015073455,0.014973907,-9.954799999999964e-05,0.014868693,0.015073455,2.901566357451295e-07,0.0149046425267285,7.410844302086189e-05,-0.0266002908070785,-0.0107099108732285,-0.3611545415910659,-1.1141485878220705,6.381070452178777e-05,5.6,36.0,4.3,True,-4.130132310934438,-1.5751136154283645,secondary,12.787375415282392
b3c28,b3,3.7C(31%)-5.9C-newstructure,541.0,1.0518668,1.0340093,-0.0178575,1.0340093,1.0526985,-0.0001980220853432,1.0546211465545248,39.55791836716047,39.85648636436463,0.0024129271146308,39.43485908431427,0.013169404,0.013605327,0.000435923,0.013169404,0.013605327,4.107525417439701e-06,0.0132114011734075,0.0003534614925326,-0.0578311205506406,-0.0302561192147094,0.2996423874831566,-0.9803013452957264,0.0003351234409199,3.7,31.0,5.9,True,-3.451657893017115,-1.2378383926134873,secondary,12.043976179569398
b3c29,b3,5.9C(15%)-4.6C-newstructure,858.0,1.0663688,1.0696349,0.0032661,1.0663688,1.0712008,4.077620284471244e-06,1.0702923110624614,31.680285422399457,31.999889,0.00110272935862,31.62404622510982,0.014962286,0.014796775,-0.000165511,0.014745088,0.014962286,-1.1322761904761572e-06,0.014881872833189,8.638212824469724e-05,-0.0289214751611649,-0.0113005751485532,-0.3484488624765838,-1.1797578358031433,6.644660465138382e-05,5.9,15.0,4.6,True,-4.0635761002012085,-1.538779559302298,secondary,12.61238025055269
b3c30,b3,5.3C(54%)-4C-newstructure,935.0,1.0687393,1.0710108,0.0022714999999999,1.0687393,1.0723398,-3.4165367965386675e-06,1.0718801746897542,33.95640656351435,34.756857996430846,0.0039564163964936,33.754629327293166,0.015732529,0.015618403,-0.0001141259999999,0.015509814,0.015732529,1.090679901050845e-07,0.0155671164617975,7.939158148811134e-05,-0.0267371697557434,-0.0111375708993828,-0.3873119059789263,-1.136909297724345,5.151124572198829e-05,5.3,54.0,4.0,True,-4.100225546780655,-1.5728845665772764,secondary,13.013207547169811
b3c31,b3,5.9C(60%)-3.1C-newstructure,731.0,1.0681812,1.0698149,0.0016336999999999,1.0681812,1.0716417,-8.99956215213843e-06,1.0712586655485463,36.77304266866142,37.242977,0.0046231983274496,36.53725955396147,0.015983483,0.015953651,-2.983200000000047e-05,0.015812302,0.015983483,9.142939022880492e-07,0.0158286431018923,0.0001446761604603,-0.0356194097392656,-0.0163505485614894,-0.1208528162237578,-1.2916363144954703,0.0001246744184523,5.9,60.0,3.1,True,-3.839603025435931,-1.4483132816471669,secondary,13.843630399125203
b3c33,b3,5C(67%)-4C-newstructure,1284.0,1.060272,1.0609198,0.0006477999999998,1.060272,1.0629164,-1.259104514533449e-05,1.0628013382519064,34.284327507895505,34.695709,0.0029764292665069,34.13252961530364,0.015511206,0.015357213,-0.0001539929999999,0.015279103,0.015512635,-2.963244526901688e-07,0.0153559097188043,4.0188487978171294e-05,-0.0198859256479102,-0.0078486783617875,-0.4200351691720246,-1.0089250725849936,4.253606006510568e-05,5.0,67.0,4.0,True,-4.395898333073689,-1.7014541887150525,secondary,12.990000000000002
b3c34,b3,5.3C(54%)-4C-newstructure,1158.0,1.061535,1.0615493,1.430000000013365e-05,1.061535,1.0642781,-2.115797278911428e-05,1.0643250697435571,38.98815031750086,39.49040963165045,0.0084429937197285,38.55755763779469,0.015438841,0.015331933,-0.0001069079999999,0.015220164,0.015438841,2.1168791589360575e-07,0.0152915159970975,4.946983882423062e-05,-0.0215098927699143,-0.0095520055677729,-0.184080259057273,-1.1558151157732175,4.616867951510595e-05,5.3,54.0,4.0,True,-4.305659504591575,-1.6673617546311608,secondary,13.013207547169811
b3c35,b3,5.6C(19%)-4.6C-newstructure,1093.0,1.0633804,1.0632331,-0.0001473,1.0632327,1.0654298,-1.953093877551359e-05,1.0654954172714897,38.53730929443863,39.086731,0.00757741096721,38.15086133511089,0.01549053,0.015414515,-7.601500000000046e-05,0.015308049,0.01549053,1.1756586270895582e-08,0.0153737724242011,5.822931890241741e-05,-0.0230280751526336,-0.009826425701495,-0.2963361684367079,-1.1528187004497663,5.2388125350473146e-05,5.6,19.0,4.6,True,-4.234858289724564,-1.6377423618849245,secondary,12.600931677018636
b3c36,b3,5.6C(36%)-4.3C-newstructure,923.0,1.0575287,1.0577667,0.0002379999999999,1.0575287,1.0606048,-2.197191960420596e-05,1.0604838153745615,39.38680749559564,39.893036,0.0082808396661358,38.96448467262271,0.015267849,0.015179561,-8.82880000000006e-05,0.015083324,0.015275053,-3.1053803340601394e-10,0.0151344477364295,5.5788165335225655e-05,-0.0229818135179924,-0.0099083574699246,-0.2511211297987007,-1.096826456193566,5.013520151362731e-05,5.6,36.0,4.3,True,-4.253457920681209,-1.6386157036816358,secondary,12.787375415282392
b3c40,b3,5.6C(19%)-4.6C-newstructure,796.0,1.0593235,1.0617574,0.0024338999999999,1.0593235,1.0638335,-7.692147186143538e-06,1.063391687385281,37.527810173662246,38.358112,0.0129095530593955,36.86942296763306,0.015561919,0.015327614,-0.000234305,0.015254971,0.015561919,-2.119920581323418e-06,0.0154988653334858,5.068643250322407e-05,-0.0220537944821722,-0.0090788614789257,-0.3154308934543946,-1.138512905318865,4.4411965808351485e-05,5.6,19.0,4.6,True,-4.29510827493732,-1.6565166769039137,secondary,12.600931677018636
b3c41,b3,5.6C(36%)-4.3C-newstructure,786.0,1.0505219,1.0541531,0.0036312,1.0505219,1.0548838,9.732244897956478e-06,1.0538777989445474,36.62919119540175,37.245838,0.0078301526346289,36.22985341103567,0.01854171,0.018368578,-0.0001731319999999,0.017006677,0.01854171,-8.311897217068712e-07,0.0183493832111605,6.03240691683163e-05,-0.0241929936990986,-0.0097480505250246,-0.3571335569959481,-1.0631301344503463,6.237805829986945e-05,5.6,36.0,4.3,True,-4.2195093707566445,-1.6163103876714386,secondary,12.787375415282392
b3c42,b3,4.8C(80%)-4.8C-newstructure,1642.0,1.0669198,1.0689646,0.0020447999999999,1.0669198,1.0699885,1.8104885590610533e-06,1.069428021649144,35.57262282220451,37.087307,0.0170627238842537,34.70242390410757,0.016376682,0.015814589,-0.0005620929999999,0.015753616,0.016376682,-4.888674495980244e-06,0.0163811527225273,4.5061465820542114e-05,-0.0056097890463586,0.0007845194706261,1.9865716779366551,2.920243475376372,9.235944814047192e-05,4.8,80.0,4.8,True,-4.346194685061839,-2.2510534698891087,secondary,12.5
b3c43,b3,5C(67%)-4C-newstructure,1046.0,1.0701852,1.0724185,0.0022332999999998,1.0701852,1.073334,3.041014223871185e-06,1.0727293355473098,36.95614928561784,38.634735,0.0219915664578917,35.83457939626534,0.015843671,0.015698643,-0.0001450279999999,0.015550403,0.016024416,-3.0340187012987045e-06,0.0159832363275036,4.822275074444368e-05,-0.0129763989917587,-0.0032660569334268,0.9693080270592708,0.8468128841852711,8.290661295521523e-05,5.0,67.0,4.0,True,-4.316748020025344,-1.886845809460359,secondary,12.990000000000002
b3c44,b3,5.3C(54%)-4C-newstructure,940.0,1.06972,1.0729284,0.0032083999999998,1.06972,1.0739049,4.689736549162688e-06,1.0730782133349823,36.33616366679151,36.881859,0.0077179091471424,35.94255030028722,0.015722955,0.01561721,-0.000105745,0.01551657,0.015722955,-3.46020408163918e-08,0.0155742684818594,7.387618796699746e-05,-0.0259851318875047,-0.0112310610964919,-0.2446163658848556,-1.238395892803431,5.5492011033425865e-05,5.3,54.0,4.0,True,-4.131495522376496,-1.585275074574423,secondary,13.013207547169811
b3c45,b3,4.8C(80%)-4.8C-newstructure,1801.0,1.0695485,1.0711251,0.0015765999999999,1.0695485,1.0721447,-1.2584539270929646e-07,1.071472275690785,34.6817726725469,35.085537,0.0045111820231586,34.451702389365785,0.015742011,0.015662471,-7.953999999999947e-05,0.015557319,0.015742011,-1.1651281385292733e-07,0.0156246346282539,3.014041303195534e-05,-0.0164779607403006,-0.0071317524619861,-0.3281430459783649,-1.1771286021323724,2.974435806987167e-05,4.8,80.0,4.8,True,-4.5208508005857535,-1.7830965362089453,secondary,12.5
