cell_id,batch,charge_policy,actual_cycle_life,predicted_cycle_life,residual_cycles,absolute_percentage_error,prediction_lower_90,prediction_upper_90,covered_90
b2c1,b2,2C(10%)-6C,148.0,368.2211386839463,-220.22113868394632,148.7980666783421,190.1558401800649,546.2864371878277,False
b2c20,b2,4.4C(8%)-4.85C,502.0,790.9028734213239,-288.9028734213239,57.550373191498785,612.8375749174425,968.9681719252053,False
b2c42,b2,6C(20%)-4.5C,466.0,665.3944837832804,-199.3944837832804,42.78851583332198,487.329185279399,843.4597822871618,False
b2c45,b2,6C(4%)-4.75C,487.0,671.4643171131712,-184.4643171131712,37.8776831854561,493.3990186092898,849.5296156170526,False
b2c29,b2,4.9C(69%)-4.25C,498.0,686.0914176462325,-188.09141764623246,37.76936097313905,508.02611914235104,864.1567161501139,False
b2c33,b2,5.2C(58%)-4C,520.0,711.0097492612933,-191.00974926129334,36.73264408871026,532.9444507574119,889.0750477651748,False
b2c24,b2,4.8C(80%)-4.8C,495.0,674.3317382724615,-179.3317382724615,36.22863399443667,496.2664397685801,852.3970367763429,False
b2c2,b2,2C(2%)-5C,438.0,592.7658558797957,-154.7658558797957,35.3346702921908,414.7005573759143,770.8311543836771,True
b2c39,b2,5.6C(58%)-3.5C,459.0,613.3900143185759,-154.39001431857594,33.6361686968575,435.3247158146945,791.4553128224574,True
b2c34,b2,5.2C(66%)-3.5C,499.0,665.4864149677584,-166.48641496775838,33.36401101558284,487.42111646387696,843.5517134716398,True
b2c31,b2,5.2C(37%)-4.5C,492.0,649.2208605384257,-157.22086053842565,31.955459459029605,471.15556203454423,827.2861590423071,True
b2c21,b2,4.65C(19%)-4.85C,489.0,634.4774605002721,-145.47746050027206,29.749991922346027,456.41216199639064,812.5427590041535,True
b2c5,b2,3.6C(2%)-4.85C,480.0,617.3387706613664,-137.33877066136642,28.612243887784672,439.273472157485,795.4040691652478,True
b2c40,b2,5.6C(5%)-4.75C,499.0,637.6042841474738,-138.60428414747378,27.776409648792338,459.53898564359235,815.6695826513552,True
b2c22,b2,4.65C(44%)-5C,513.0,655.2933938998195,-142.29339389981953,27.737503684175348,477.2280953959381,833.358692403701,True
b2c30,b2,5.2C(10%)-4.75C,481.0,613.5615469735184,-132.56154697351838,27.559573175367646,435.49624846963695,791.6268454773998,True
b2c38,b2,5.6C(47%)-4C,465.0,591.0654175480541,-126.06541754805414,27.1108424834525,413.0001190441727,769.1307160519356,True
b2c14,b2,4C(4%)-4.85C,485.0,612.8662772798291,-127.86627727982909,26.364180882438987,434.80097877594767,790.9315757837105,True
b2c37,b2,5.6C(38%)-4.25C,478.0,602.7889027221355,-124.7889027221355,26.10646500463086,424.7236042182541,780.8542012260169,True
b2c27,b2,4.9C(27%)-4.75C,468.0,588.8130441615741,-120.81304416157411,25.81475302597737,410.7477456576927,766.8783426654555,True
b2c41,b2,5.6C(65%)-3C,429.0,536.0068160607178,-107.00681606071782,24.943313767067092,357.9415175568364,714.0721145645992,True
b2c46,b2,6C(52%)-3.5C,429.0,527.4415502715513,-98.44155027155125,22.94674831504691,349.3762517676698,705.5068487754327,True
b2c44,b2,6C(40%)-4C,457.0,560.3115932032588,-103.31159320325878,22.606475536818113,382.24629469937736,738.3768917071402,True
b2c36,b2,5.6C(25%)-4.5C,535.0,654.1037176449693,-119.10371764496927,22.2623771299008,476.03841914108784,832.1690161488507,True
b2c4,b2,3.6C(22%)-5.5C,444.0,539.8527140815726,-95.85271408157257,21.5884491174713,361.78741557769115,717.918012585454,True
b2c11,b2,4C(13%)-5C,477.0,576.5494845330115,-99.54948453301154,20.86991290000242,398.4841860291301,754.614783036893,True
b2c35,b2,5.2C(71%)-3C,463.0,558.5301597652827,-95.53015976528275,20.63286388019066,380.4648612614013,736.5954582691642,True
b2c18,b2,4.4C(47%)-5.5C,487.0,587.3062512051428,-100.30625120514276,20.596766161220277,409.24095270126134,765.3715497090242,True
b2c26,b2,4.8C(80%)-4.8C,471.0,566.5177873895179,-95.51778738951793,20.27978500839022,388.4524888856365,744.5830858933994,True
b2c25,b2,4.8C(80%)-4.8C,461.0,546.7219752268716,-85.72197522687156,18.594788552466717,368.65667672299014,724.787273730753,True
b2c23,b2,4.65C(69%)-6C,527.0,623.9077213609563,-96.90772136095632,18.3885619280752,445.8424228570749,801.9730198648377,True
b2c43,b2,6C(31%)-4.25C,462.0,542.2954966653182,-80.29549666531818,17.379977633185753,364.23019816143676,720.3607951691996,True
b2c28,b2,4.9C(61%)-4.5C,509.0,595.026504716632,-86.02650471663196,16.901081476744984,416.96120621275054,773.0918032205134,True
b2c10,b2,3.6C(9%)-5C,561.0,654.8017284027425,-93.80172840274247,16.72045069567602,476.73642989886105,832.8670269066239,True
b2c0,b2,1C(4%)-6C,300.0,344.1330506896678,-44.13305068966781,14.711016896555936,166.0677521857864,522.1983491935492,True
b2c12,b2,4C(31%)-5,458.0,524.7752856281041,-66.77528562810414,14.579756687358984,346.7099871242227,702.8405841319856,True
b2c32,b2,5.2C(50%)-4.25C,519.0,590.71176203385,-71.71176203385005,13.817295189566483,412.6464635299686,768.7770605377315,True
b2c3,b2,2C(7%)-5.5C,335.0,375.9402812644351,-40.9402812644351,12.220979481920926,197.87498276055368,554.0055797683165,True
b2c19,b2,4.4C(55%)-6C,461.0,421.42858358144,39.57141641855998,8.58382134892841,243.3632850775586,599.4938820853215,True
b2c17,b2,4.4C(24%)-5C,494.0,533.1317964720541,-39.131796472054134,7.921416289889501,355.0664979681727,711.1970949759356,True
b2c6,b2,3.6C(30%)-6C,511.0,491.38011437933875,19.61988562066125,3.839507949248777,313.3148158754573,669.4454128832201,True
b2c13,b2,4C(40%)-6C,483.0,501.2682966126954,-18.268296612695394,3.7822560274731667,323.202998108814,679.3335951165768,True
b2c47,b2,6C(60%)-3C,713.0,712.0839981603679,0.9160018396321448,0.12847150625976783,534.0186996564864,890.1492966642493,True
