feature,pearson,spearman
log_var_dq,-0.9245231578031865,-0.8816970152804936
log_min_dq,-0.8862531733566917,-0.8544298316244522
dq_mean,0.7732381233949476,0.8355257458309666
dq_skew,-0.6780942881040374,-0.5758341340780616
cap_diff_100_2,0.4408120940481287,0.5490025284356951
cap_slope_2_100,0.0386532544339791,0.4544820994682675
cap_c100,0.18007627178131178,0.3308650591873643
dq_kurt,0.557370393875051,0.2422684912059137
cap_intercept_2_100,0.09226185002660377,0.11708337007578137
cap_c2,0.006432052854687201,0.0874640651458962
