feature,train_mean,target_test_mean,standardized_mean_diff,target_test_outside_train_1_99_pct
dq_mean,-0.01645146059032388,-0.028051360673788685,-1.6263646381707688,16.27906976744186
cap_diff_100_2,0.0023926902439024267,-0.002176050000000002,-1.4670581916470418,20.930232558139537
cap_c100,1.0801958463414634,1.0690551220930233,-1.4094204997953723,18.6046511627907
log_min_dq,-1.4699477252313375,-1.254586999138377,1.116386924541087,16.27906976744186
dq_skew,-0.2287841911206185,0.018833657647203832,1.096642368379233,13.953488372093023
log_var_dq,-3.910455292262206,-3.4740612810187517,1.0944768078054006,18.6046511627907
cap_c2,1.0778031560975612,1.0712311720930234,-0.8350317517497341,4.651162790697675
cap_intercept_2_100,1.0829133699949316,1.0764414360224845,-0.8009330226207089,4.651162790697675
cap_slope_2_100,-1.8754674479989215e-05,-5.8815893765362174e-05,-0.654428071449577,13.953488372093023
dq_kurt,-1.2058540186787046,-1.2278291442156566,-0.08486782656458504,20.930232558139537
