model,feature_set,split,n,rmse_cycles,mae_cycles,mape_pct,median_ape_pct,r2,gap_vs_headline_9_1_pp,gap_vs_comparable_paper_primary_pp,selected_before_target_test
median_baseline,variance,train_apparent,41,403.72137820471215,241.34146341463415,22.633332435480543,19.602272727272727,-0.04017379193425463,13.533332435480544,7.933332435480544,False
median_baseline,variance,target_test_b2,43,376.5221510516455,368.7906976744186,86.87364404210108,75.05197505197505,-23.602617388865717,77.77364404210108,72.17364404210107,False
variance_ridge,variance,train_apparent,41,130.9820090458685,86.41345058893623,8.74119159915931,7.987505766024847,0.8905122054189691,-0.3588084008406902,-5.95880840084069,False
variance_ridge,variance,target_test_b2,43,158.16644136167685,146.79906672708006,32.43090148515497,30.840743056795798,-3.341391356184583,23.330901485154968,17.73090148515497,False
discharge_ridge,discharge,train_apparent,41,77.1475677419562,56.79149606616738,6.028647371507928,4.986694425824163,0.9620172076046014,-3.071352628492072,-6.971352628492072,False
discharge_ridge,discharge,target_test_b2,43,123.13771510592679,107.4725478191462,24.677476630147197,20.852043523350222,-1.6313731074264926,15.577476630147197,11.677476630147197,False
discharge_elasticnet,discharge,train_apparent,41,71.56163423489346,54.63090206861505,5.891292544258535,4.991962546729891,0.9673184299219488,-3.2087074557414645,-7.108707455741465,True
discharge_elasticnet,discharge,target_test_b2,43,129.33636805886735,115.77974974157007,26.585200572162552,22.94674831504691,-1.9029634833196853,17.485200572162555,13.585200572162552,True
discharge_random_forest,discharge,train_apparent,41,53.718910252342134,35.25073170731708,3.514402582015007,2.6059898872034273,0.9815839366291303,-5.585597417984992,-9.485597417984993,False
discharge_random_forest,discharge,target_test_b2,43,178.4424163829875,167.7563565891473,40.78952843019897,34.515341701534176,-4.525816281074823,31.68952843019897,27.78952843019897,False
sensor_ridge,sensor,train_apparent,41,72.518081100387,49.90242694344305,5.19150744109215,3.667708937090377,0.9664389901490515,-3.9084925589078496,-7.80849255890785,False
sensor_ridge,sensor,target_test_b2,43,114.89564667108145,98.18582604528335,22.54812384616505,17.32637147297413,-1.2909066774532358,13.448123846165052,9.548123846165051,False
policy_aware_elasticnet,policy_aware,train_apparent,41,68.21490527352384,50.702090295434175,5.386863731899627,3.921983591046551,0.9703037935622336,-3.7131362681003726,-7.613136268100373,False
policy_aware_elasticnet,policy_aware,target_test_b2,43,123.11365700529177,110.18959412327362,25.48264101892972,22.92126882515255,-1.6303449958562024,16.382641018929718,12.48264101892972,False
